ReviewID,ListingID,Rating,Review_Date,Review
0,3000,1,2022-12-15,Rerum consequuntur quo qui dolorem praesentium. Dolorum ipsa nisi consequuntur. Odit velit maxime repellat dignissimos error. Libero nihil in.
1,3002,2,2023-04-27,Soluta dolorem optio quos porro.
2,3004,2,2023-01-02,Dicta eos vel placeat impedit quia sint adipisci. Enim alias debitis maiores officia et deserunt. Odio dolorem cumque quas accusantium.
3,3006,4,2023-01-30,Praesentium aspernatur similique itaque labore voluptatum beatae. Magni quam id iusto laboriosam iste.
4,3008,3,2023-05-26,Voluptatem perspiciatis numquam a. Aliquid repudiandae aperiam omnis inventore. Fugiat fugiat corrupti nemo fugit vitae sed.
5,3010,2,2023-04-29,Adipisci unde repudiandae voluptate eos animi. Dolorum nam corporis velit assumenda cum. In hic magnam voluptate atque.
6,3012,4,2023-08-13,Aspernatur itaque temporibus ipsam. Quaerat repellat repudiandae soluta magni. Vero illo iste ipsa illum magnam similique.
7,3014,3,2022-10-29,Fugiat vel laboriosam rem. Quidem earum quaerat ipsam itaque quia excepturi maxime.
8,3016,2,2023-01-27,Iste perferendis corporis reprehenderit. Amet aspernatur tenetur doloribus facilis debitis. Facere neque illum eum odio.
9,3018,4,2023-05-14,Non aspernatur unde accusantium. Aliquid dolor quibusdam alias dignissimos cupiditate ex.
10,3020,5,2023-09-14,Itaque itaque at. Corrupti voluptatibus voluptatibus id.
11,3022,5,2023-09-15,Natus vel asperiores sapiente molestias nesciunt iste vel. Beatae aliquid enim exercitationem. Sequi rem quia quis. Tenetur ab reprehenderit eius.
12,3024,5,2023-10-23,Quod expedita dignissimos aliquam totam sequi. Dolorum voluptatibus quam quia.
13,3026,5,2023-07-17,Nisi tempore iure fugit in sequi. Odio consequatur blanditiis deserunt. Perspiciatis similique dolore dolorem reiciendis eveniet sit. Ab quia provident vitae dolorum provident animi.
14,3028,2,2023-05-23,Cum est delectus ratione quidem animi labore. Sunt recusandae numquam excepturi consequatur.
15,3030,4,2023-06-28,Labore alias natus minima et odit minus consequatur. Provident et iste expedita ducimus occaecati.
16,3032,5,2023-02-14,Ipsam eum id culpa. Amet laborum impedit.
17,3034,3,2023-10-13,Iste magnam voluptatibus magnam eum at. Magni ratione sapiente quia facere reiciendis distinctio.
18,3036,5,2022-12-31,Dolor repellat provident ipsam adipisci consequatur. Sunt in repellendus sequi sunt fugit corporis.
19,3038,3,2023-03-26,Alias minus velit id blanditiis neque rem beatae. Nulla officia natus officia eveniet voluptatum.
20,3040,2,2023-10-08,Illo voluptas odit ipsa inventore eos nam molestiae. Velit asperiores doloribus. Dolor aperiam reprehenderit iste porro repellendus et.
21,3042,1,2023-08-10,Debitis natus sunt reprehenderit voluptate quidem ea. Nesciunt necessitatibus cupiditate velit.
22,3044,3,2023-04-07,Optio odio ex eius omnis vel eveniet. Vitae id voluptatem ullam eius quibusdam. Maiores adipisci tempore blanditiis.
23,3046,5,2023-06-03,Doloremque porro iusto ex. Labore minima impedit. Eaque temporibus occaecati qui ullam dolorum.
24,3048,1,2022-12-09,Accusamus tenetur a non porro sunt eveniet. Sequi laborum facilis odit iure. Earum aperiam deleniti asperiores.
25,3050,4,2023-07-29,Voluptates quibusdam fugiat provident rem.
26,3052,5,2023-05-09,Odio quas iste maxime amet repellat atque. Quaerat odio ut minus. Optio magni laudantium delectus atque porro sapiente recusandae.
27,3054,4,2023-03-17,Ipsa quod eligendi impedit iure facilis.
28,3056,3,2022-11-07,Recusandae et laudantium. Doloribus sapiente aliquam. Aliquid dolores deserunt tenetur cum ut dolore. Eius facilis nisi quod.
29,3058,3,2023-02-11,Consequatur illo suscipit ab eveniet expedita quidem. Inventore labore quo voluptatem. Aliquam aperiam veniam officiis.
30,3060,4,2023-10-08,Voluptatibus delectus optio magni eius. Rem natus a fugiat.
31,3062,3,2023-02-26,Aliquid necessitatibus harum ducimus asperiores. Officiis rem labore distinctio.
32,3064,5,2023-05-05,Pariatur saepe eos autem dolore ipsa sed. Iste accusamus hic alias inventore excepturi veritatis. Ea perspiciatis animi ad sunt eius.
33,3066,1,2022-11-03,Suscipit eligendi tenetur vel. Adipisci nulla vitae nisi quae praesentium necessitatibus.
34,3068,4,2023-03-21,Distinctio ullam sapiente in. Eaque sequi impedit ex voluptas qui quisquam perferendis. Ipsa soluta quibusdam sit.
35,3070,2,2023-07-22,Illo sint eos repellat illo fugiat. Vel esse provident eius. Quos asperiores quia nulla vero. Earum tenetur repellendus maiores.
36,3072,2,2023-05-30,Asperiores nisi quaerat. Dolorum voluptatibus perferendis nemo autem cumque eveniet.
37,3074,5,2022-11-18,Magnam magnam dolore doloremque. Eum quaerat harum eos.
38,3076,1,2023-05-16,Occaecati enim eligendi temporibus. Veritatis nihil repudiandae quisquam quam. Saepe ipsam nobis deleniti minima doloremque.
39,3078,4,2023-09-01,Inventore nesciunt quibusdam dolorum nobis quaerat ut. Veritatis perspiciatis doloremque minus. Earum eum nulla mollitia officia.
40,3080,2,2023-02-19,Nam quos ipsum incidunt minus adipisci vero facilis. Voluptate recusandae quos nostrum consectetur.
41,3082,2,2023-07-28,Eum error nihil hic. Tenetur aperiam nobis. Fugiat fugiat quis.
42,3084,5,2023-02-09,Voluptas nemo vel voluptate perspiciatis ipsum optio. Beatae similique adipisci possimus vitae. Illum beatae suscipit aperiam ex est.
43,3086,4,2022-12-18,Natus enim repudiandae accusamus totam hic. Fugit inventore fuga non vero. Pariatur culpa eligendi facere placeat eligendi quibusdam.
44,3088,3,2023-06-19,Suscipit nisi modi asperiores quam nesciunt. Amet culpa neque possimus reprehenderit voluptate. Tenetur commodi voluptas repellendus rerum tempora.
45,3090,3,2023-01-20,Repudiandae repudiandae dolorum eaque expedita quisquam earum. Voluptas minus aliquid optio minima voluptatum esse. Recusandae incidunt quae rem dolorum.
46,3092,5,2022-11-22,Amet inventore ducimus atque. Quisquam rem architecto maiores est. Distinctio aut quia aliquid. Accusantium modi repellendus maiores neque voluptas.
47,3094,4,2023-10-25,Assumenda laborum incidunt eius tempora amet. Unde similique sapiente est reiciendis aperiam voluptates. Magnam blanditiis nisi ratione dignissimos fugit dolorem.
48,3096,4,2023-01-16,Labore repellendus nostrum voluptates eius.
49,3098,4,2023-08-18,Vel quam eligendi ratione. Earum accusamus aspernatur odit repudiandae rem adipisci. Eos rerum architecto in modi.
50,3100,4,2022-12-17,Ullam inventore placeat magni veniam commodi autem libero. Placeat facilis expedita tenetur earum veniam. Nesciunt dolor enim voluptatum.
51,3102,2,2022-11-08,Consequuntur atque veritatis dolores animi. Ut quos illo eligendi. Quibusdam commodi enim quos incidunt tenetur cumque.
52,3104,2,2023-08-14,Voluptas nemo quas quidem nihil consequuntur. Quisquam excepturi earum amet.
53,3106,1,2023-05-17,Voluptas ducimus et rerum necessitatibus ea. At vero fugit labore officiis.
54,3108,2,2023-09-08,Veritatis ullam quaerat quis. Voluptates eius aliquid reiciendis non molestias. Cum aperiam eligendi laborum sunt.
55,3110,3,2023-07-06,Id iste ipsa placeat. Deleniti et tempora nulla culpa similique unde architecto.
56,3112,4,2022-10-27,Ipsam repellendus consequuntur ad facere. Ullam itaque occaecati culpa totam sapiente ab. Ad officia esse.
57,3114,4,2023-01-10,Iusto fugit deserunt ut. Porro sed accusamus placeat quas.
58,3116,1,2023-03-24,In nihil iste maxime veritatis corrupti blanditiis. Mollitia veniam aliquid.
59,3118,3,2023-10-10,Iure vel reprehenderit tenetur quod repudiandae. Inventore quis occaecati illo adipisci. Recusandae sit cumque debitis.
60,3120,3,2023-03-08,Commodi odit eum aperiam esse. Reiciendis maiores harum provident amet ducimus veniam fugit. Provident similique neque architecto culpa adipisci. Omnis eaque amet voluptates quas placeat.
61,3122,1,2023-05-01,Dicta sint laborum quod quibusdam saepe occaecati reiciendis. Ipsum voluptas voluptatum optio nesciunt provident. Et nisi iure dolorum modi velit amet fugit.
62,3124,2,2022-12-16,Laboriosam inventore odio. Tenetur animi tempore.
63,3126,3,2022-12-17,A rem a nisi praesentium sed. Porro voluptatem libero eos impedit assumenda. Asperiores saepe quia error illo quos.
64,3128,2,2023-06-01,Ipsum quo consectetur. Earum labore nostrum consequuntur deserunt vero. Labore modi explicabo at nulla.
65,3130,3,2023-08-06,Facilis expedita nisi suscipit. Magni assumenda possimus repudiandae sit quia reiciendis autem. In tenetur perspiciatis sed minus.
66,3132,1,2023-05-15,Architecto at repudiandae nemo commodi. Quas porro animi inventore quam facilis. Doloribus debitis eligendi debitis molestias libero.
67,3134,4,2023-05-01,Fugiat explicabo neque cumque. Delectus ullam repellendus delectus occaecati.
68,3136,5,2023-04-15,Impedit fugiat quas pariatur. Iusto corporis architecto temporibus exercitationem id pariatur. Enim expedita natus voluptatibus.
69,3138,1,2023-01-28,Dolorum dolores explicabo commodi velit provident. Modi perferendis magni voluptate incidunt culpa.
70,3140,3,2022-12-10,Aliquid error nemo beatae suscipit. Tempora sint cupiditate laboriosam odio repudiandae. Sint fugiat vel.
71,3142,2,2023-10-05,Blanditiis neque saepe quia ab soluta nostrum.
72,3144,3,2023-01-21,Provident quam ea. Dicta odit natus soluta quos officiis. Nisi sapiente minima quibusdam dicta aspernatur numquam.
73,3146,3,2023-07-04,Adipisci earum perspiciatis commodi veniam et ab. Excepturi saepe magni voluptates similique et.
74,3148,2,2023-03-14,Debitis et autem sed eos. Consequatur praesentium laudantium at.
75,3150,1,2023-02-04,Ipsa impedit nisi rem expedita ea. Autem accusantium vitae possimus eveniet esse aut.
76,3152,5,2023-07-18,Iste nobis libero molestiae unde vel expedita voluptatem. Non id illum. Pariatur animi porro quos labore.
77,3154,1,2023-06-27,Sapiente veritatis nobis voluptas quia. Accusamus nesciunt iure doloremque totam.
78,3156,4,2023-06-29,Vel dolore aut aliquid a non. Ea dolorum dolorem exercitationem. Laboriosam illo vitae amet. Necessitatibus quod consequuntur voluptas excepturi illum.
79,3158,4,2023-01-29,Sapiente dolorum ipsa odit. Autem perspiciatis accusamus quo sit nobis.
80,3160,2,2023-02-27,Incidunt numquam sed repellat porro voluptatibus beatae. Quo delectus a ipsum pariatur adipisci error ratione. Consequuntur reiciendis voluptas dolorum reprehenderit voluptatum similique consequuntur.
81,3162,1,2022-11-19,Autem explicabo dolorum maxime enim. Minima officia impedit id omnis distinctio vero. Quam quaerat sit excepturi neque assumenda.
82,3164,2,2023-03-18,Sunt velit reprehenderit laboriosam nemo consequatur ea. At suscipit et non possimus. Ea blanditiis hic laboriosam.
83,3166,5,2023-08-31,Perspiciatis sunt quo explicabo eaque quaerat reprehenderit soluta. Natus saepe harum aspernatur corporis esse nesciunt.
84,3168,5,2023-03-22,Quam facilis delectus quibusdam suscipit numquam dolores laboriosam. Eum cumque officiis ullam fugit aut.
85,3170,3,2023-09-28,Impedit totam distinctio laboriosam excepturi. Vitae nemo animi nesciunt.
86,3172,3,2023-05-28,Aliquam dolorem ullam commodi pariatur ex. Veniam deleniti accusamus repudiandae. Pariatur cupiditate dignissimos omnis vitae.
87,3174,2,2023-10-12,Consequuntur quia provident est quaerat facilis. Sequi mollitia repellendus excepturi odit.
88,3176,1,2022-11-12,Optio numquam corporis dolores rem nostrum voluptatibus. Eligendi pariatur autem earum laudantium incidunt autem excepturi. Pariatur totam repellat magni expedita culpa occaecati. Dolorem nesciunt laborum repudiandae sint similique corporis.
89,3178,2,2023-05-29,Aperiam numquam corrupti sunt illo placeat voluptatibus iste.
90,3180,2,2023-02-19,Ipsum accusamus suscipit sed voluptate natus. Odit maiores quos fugiat cumque unde.
91,3182,4,2023-08-10,Atque veritatis sapiente quia cumque corrupti deleniti earum.
92,3184,1,2023-09-05,Eveniet esse fugit id cum culpa ab. Quaerat aspernatur vero voluptatibus cum eius maxime. Quod voluptatibus dicta fugit esse quam dignissimos.
93,3186,3,2023-08-30,Sequi rerum asperiores culpa ab deleniti eligendi.
94,3188,4,2022-11-06,Sed deserunt officia maiores dolores animi. Magni nulla sapiente minus maiores non quia. Accusamus ipsam laboriosam neque.
95,3190,2,2023-05-25,Quae magni recusandae ad voluptatum eius. Reiciendis possimus et maiores fugiat sequi omnis quam.
96,3192,5,2023-10-23,Amet doloremque veritatis repellat voluptates debitis dolor. In cumque est nihil occaecati. Est error est sit. Explicabo eligendi necessitatibus reiciendis temporibus minima.
97,3194,5,2023-05-08,Quam officia reiciendis. Hic deserunt dolor molestias aspernatur aperiam excepturi. Vitae saepe aperiam similique sunt.
98,3196,2,2023-07-20,Nulla cupiditate suscipit illo ex. Ab ducimus nisi eum. Iusto tempora odio id repellat voluptates voluptates.
99,3198,1,2023-02-11,Ipsum dicta numquam repudiandae asperiores. Reprehenderit adipisci sunt maiores illum. Ex eaque et earum dolores magnam mollitia.
100,3200,2,2023-08-29,Facere maiores aliquam non expedita. Ab commodi voluptate maiores maiores mollitia tempora alias.
101,3202,4,2023-06-28,Consequatur placeat adipisci officiis mollitia. Corporis voluptatum consequuntur itaque reiciendis quia mollitia. Voluptatibus nostrum repudiandae consequuntur eveniet aliquid perspiciatis.
102,3204,3,2022-12-11,Totam fuga natus ducimus quam saepe recusandae. Itaque nemo blanditiis sapiente dolorem totam. Sit sed quis occaecati adipisci eius.
103,3206,1,2023-06-23,Natus assumenda optio omnis nostrum animi dolorem. Eveniet dolorem quos dolor.
104,3208,2,2023-03-06,Quibusdam quo nulla nam. Possimus nihil quod illo.
105,3210,1,2022-12-28,Praesentium incidunt omnis hic animi.
106,3212,2,2023-08-08,Ex explicabo dolores esse neque facere. Nostrum vitae voluptatibus impedit neque illo.
107,3214,1,2022-11-03,Placeat ipsa consectetur aliquam eos quibusdam reprehenderit.
108,3216,1,2023-05-17,Repudiandae nemo impedit maiores minima. Placeat asperiores rerum aut. Ab quae culpa magnam.
109,3218,5,2023-06-03,Praesentium doloribus sapiente dignissimos quod numquam ratione. Ea unde ipsum laboriosam necessitatibus ut omnis.
110,3220,2,2023-05-13,Alias maxime adipisci dolorum similique exercitationem magni dolorum. Inventore ab ab inventore iste. Architecto adipisci cum.
111,3222,2,2023-01-23,Libero minus assumenda. Odit ullam quae vitae laborum minus blanditiis. Veritatis repellat excepturi voluptates corrupti facere nisi.
112,3224,4,2022-11-21,Veniam ad magnam vero aspernatur laboriosam. Quisquam officia aperiam earum magnam nobis.
113,3226,3,2022-11-08,Voluptatibus amet ducimus ipsam. Atque voluptas sequi magnam. Expedita sequi voluptates qui explicabo. Neque velit commodi aut necessitatibus ad minima.
114,3228,1,2023-08-15,Similique est vero. Nostrum quae exercitationem. Qui temporibus enim. Facere fuga quibusdam eius nam quisquam.
115,3230,2,2022-11-12,Voluptas aspernatur quibusdam nemo architecto deserunt. Ab eligendi a cum. Aut quod amet in ea eum. Aliquam maxime quam laudantium.
116,3232,2,2023-07-04,Quisquam consequatur voluptatem dolor. Exercitationem iste minus accusantium enim.
117,3234,2,2023-04-17,Molestiae explicabo alias veniam ut laborum distinctio. A dolore animi ex libero illum in totam. Dolorem nulla nam optio officiis officia ratione.
118,3236,3,2022-12-29,Unde possimus nostrum architecto. Nesciunt tempore corrupti veritatis.
119,3238,3,2022-11-02,Voluptatem dolores rem optio blanditiis eligendi hic. Impedit debitis voluptatum provident tenetur porro. Dolorum repellendus et.
120,3240,4,2022-11-16,Veniam quas earum dignissimos veniam magnam ea sapiente. Odit reiciendis alias natus voluptatem blanditiis voluptatem consectetur.
121,3242,4,2023-02-04,Vel ipsum eum consequuntur. Quod pariatur similique qui culpa corrupti fuga repellat. Molestiae dolorum sequi excepturi repellendus suscipit sequi.
122,3244,5,2022-11-01,Esse maxime repellendus voluptatibus praesentium expedita. Ipsam vitae harum alias. Recusandae nesciunt porro rerum et.
123,3246,3,2022-11-22,Temporibus voluptas error deleniti. Nesciunt nulla delectus ut assumenda minus. Voluptas eaque unde officia ratione ea saepe praesentium.
124,3248,3,2023-01-07,Distinctio sed asperiores commodi. Iusto ea cumque accusamus sequi fuga in possimus.
125,3250,2,2023-05-29,Sunt cupiditate pariatur dicta quo repellendus numquam. Voluptatum dolores nesciunt animi tenetur. Aut laudantium ipsam doloribus cumque dignissimos.
126,3252,2,2022-11-05,Iure nesciunt voluptates at repellat vel. Numquam dolorum soluta vel itaque.
127,3254,1,2023-05-22,Corrupti iusto ratione natus eligendi eligendi mollitia temporibus. Quas sint animi nemo dolorum. Neque ea quidem eaque doloremque.
128,3256,3,2023-09-24,Quis quo itaque quasi eum ad. Asperiores placeat animi molestias repellendus vel. Ducimus dolore nihil ipsa pariatur ex voluptate.
129,3258,4,2023-06-08,Blanditiis consequatur dolorum culpa nemo quibusdam. Sequi nihil totam tempore.
130,3260,5,2023-01-12,Voluptatibus natus blanditiis maxime officiis voluptatem. Nostrum voluptas laudantium numquam veniam. Itaque iste quis repellat.
131,3262,1,2023-03-20,Deleniti optio corporis nesciunt temporibus similique. Sed fugiat dicta rerum veniam ducimus.
132,3264,4,2022-12-24,Delectus modi exercitationem odio occaecati iste beatae.
133,3266,1,2023-06-29,Illo eaque quos voluptatum blanditiis fuga. Neque illum iusto aut ducimus.
134,3268,4,2023-05-14,Provident ducimus autem unde corrupti nemo vitae.
135,3270,4,2023-06-22,Deleniti nostrum officia impedit culpa asperiores adipisci a. Blanditiis consequatur labore fugit repellendus.
136,3272,3,2023-09-30,Iure quos qui minus fuga ut. Corrupti dignissimos optio ea inventore.
137,3274,4,2023-10-02,Officiis sed voluptates amet. Possimus exercitationem asperiores voluptatem minima corporis animi commodi. Deserunt enim accusantium praesentium provident accusantium.
138,3276,2,2023-02-27,Distinctio incidunt culpa ad voluptate quae. Nesciunt dolorum aperiam fugiat. Doloribus nam fugiat.
139,3278,4,2023-01-16,Error iusto accusantium eaque. Blanditiis ipsam illum eos doloremque.
140,3280,5,2023-05-24,Officia voluptatem aut deserunt veniam. Error fugit aspernatur quos impedit. Saepe magni omnis quaerat delectus.
141,3282,1,2022-12-23,Molestias laborum fugit.
142,3284,2,2023-08-07,Nam unde cupiditate. Nam nobis cupiditate perspiciatis earum minus dolore. Ducimus possimus nulla fugit aut rerum ipsa impedit.
143,3286,4,2023-03-30,Sint fugiat saepe minima minus exercitationem dolore. Cum nostrum quae animi.
144,3288,4,2023-05-13,Dolores consequuntur quo aliquid. Sint atque exercitationem inventore. Culpa ducimus dolores quae expedita at quidem.
145,3290,3,2023-01-30,Officia provident non dicta eius harum laudantium. Inventore rerum inventore molestiae quisquam officia distinctio. Possimus ex totam molestias expedita asperiores.
146,3292,5,2022-12-22,Perspiciatis aut facilis natus. Dignissimos enim laborum at reprehenderit quia.
147,3294,5,2023-01-08,Quibusdam vitae accusantium. Delectus illo dignissimos porro quasi aut.
148,3296,3,2023-08-16,Voluptatibus fugit minima odit aspernatur harum ratione. Consequuntur exercitationem saepe.
149,3298,4,2023-06-22,Iure fugiat error vel consectetur sequi numquam. Ducimus temporibus ab earum porro. Dolorum maxime deserunt impedit.
150,3300,3,2023-09-05,Nihil delectus enim nobis recusandae nulla laborum.
151,3302,2,2023-09-07,Veritatis non dolor totam sunt. Nostrum est eveniet doloribus aut. Quas explicabo fuga.
152,3304,3,2023-05-03,Officiis distinctio vero atque vero officiis doloribus. Molestiae dicta quos suscipit non magnam. Sint placeat excepturi veritatis quae sed.
153,3306,3,2023-03-19,Repudiandae recusandae doloribus hic omnis dolor veritatis magnam. Velit voluptatibus facilis doloremque. Porro occaecati sequi nihil fuga saepe.
154,3308,3,2023-04-11,Nihil illo id nesciunt neque vel aperiam. Sit aliquid deleniti modi cupiditate cupiditate nemo.
155,3310,5,2023-01-12,Quod dicta tempore odit. Dolor cum iste assumenda expedita tenetur quos ratione.
156,3312,2,2023-09-07,Placeat alias quaerat odit tempora eum. Ut suscipit quod quaerat distinctio. Delectus sint ducimus doloremque.
157,3314,5,2023-07-20,Eveniet adipisci eaque unde itaque amet. Quisquam accusantium in quae. Rerum aut esse dolor accusamus exercitationem maxime enim.
158,3316,2,2023-01-06,Dolore qui repudiandae aliquam alias. Est assumenda pariatur. Delectus exercitationem vitae quas.
159,3318,2,2023-08-16,Saepe assumenda quaerat. Reiciendis accusamus modi ex. Error sed ea placeat aliquam.
160,3320,5,2023-01-27,Provident aperiam quas quas vitae veniam odit. Eius iusto dicta corporis. Quo repudiandae tempore omnis fuga esse dignissimos.
161,3322,4,2023-07-04,Dolore libero amet temporibus quis deleniti. Molestiae eum sapiente numquam dicta delectus. Harum eveniet culpa impedit vitae. Voluptate rerum quas asperiores.
162,3324,5,2023-10-18,Soluta porro veniam labore earum perferendis a. Facere sapiente temporibus debitis dolores nostrum nisi illum.
163,3326,4,2023-05-14,Libero sed ad et veritatis maxime. Placeat cum perferendis cupiditate explicabo.
